시기,지역,모든 암(C00-C96),"입술, 구강 및 인두(C00-C14)",식도(C15),위(C16),대장(C18-C20),간(C22),담낭 및 기타 담도(C23-C24),췌장(C25),후두(C32),폐(C33-C34),유방(C50),자궁경부(C53),자궁체부(C54),난소(C56),전립선(C61),고환(C62),신장(C64),방광(C67),뇌 및 중추신경계(C70-C72),갑상선(C73),호지킨 림프종(C81),"비호지킨 림프종(C82-C86,C96)",다발성 골수종(C90),백혈병(C91-C95),기타 암(R+B4:B28e. C00-C96)
1999-2003,전국,412.3,7.2,7.8,84.9,46.5,50.1,14.5,11.9,4.5,59.7,19.9,13.5,2.7,4.3,8.7,0.3,5.7,10.1,3.9,13.1,0.4,7.2,2.1,5.9,27.5
1999-2003,서울특별시,406.8,6.9,5.7,73.3,53.1,45.2,13,11.8,4,52,25.3,14.4,3.3,4.7,12.4,0.3,6.5,11.3,3.8,15.4,0.4,8.3,2.5,6.2,26.9
1999-2003,부산광역시,403.8,6.6,7.5,77.8,41.2,59.3,17.7,11.4,4.6,55.9,19.2,14.2,2.3,4.6,7.7,0.3,6.1,11.7,3.7,11.2,0.4,6.8,1.7,5.2,26.7
1999-2003,대구광역시,436.8,7.3,7.3,86.9,49.1,52.9,19.9,12.1,5,62.9,21.8,13.5,2.9,4.2,7.3,0.3,6.5,10.8,3.7,12.4,0.3,7,2.1,5.8,34.8
1999-2003,인천광역시,406.5,6.6,6.4,78.8,50.6,43.7,13.2,12.3,4.6,60.3,22.6,17.6,2.8,5.1,8.2,0.2,5.9,10.2,4.1,10.3,0.4,7.5,2.2,5.6,27.4
1999-2003,광주광역시,410.1,8.2,8.6,76.3,43.7,50.8,15.3,11,4.6,56.9,17.3,11.9,2,4.2,8.8,0.2,5.1,11.3,4.2,23.5,0.3,7.5,2,5.4,30.7
1999-2003,대전광역시,415.1,6.6,6,95.3,53.7,41.6,12.9,11.9,4.4,55.4,21.8,16.2,3.3,4.2,7.6,0.2,5.5,10.8,4.1,10.2,0.3,7.2,3.1,5.6,27
1999-2003,울산광역시,412.9,6.5,7.8,86.2,44.4,48.3,17.6,14,5,64.4,17.5,12.4,2.1,4.4,7.8,0.3,6.4,9.8,3.7,13.8,0.5,6.3,2.1,5,26.6
1999-2003,세종특별자치시,,,,,,,,,,,,,,,,,,,,,,,,,
1999-2003,경기도,399.4,6.7,6.2,79.4,50.1,44.8,12.7,11.9,4,57.2,21.4,14.1,3,4.6,9.7,0.3,5.9,10.3,3.8,12.8,0.4,7.2,2,6,25.1
1999-2003,강원도,394.9,7.2,7.1,80.3,42.6,50.1,11,12.6,4.4,63,17,15,2.9,4.2,8.2,0.3,5.3,9,4,9.5,0.4,6.7,1.9,6.1,26.3
1999-2003,충청북도,417.9,7.3,9.4,99.8,50.1,46,12.6,12.1,5.1,62.4,17.4,13.2,2.2,4.1,7.9,0.3,5,8.5,3.7,10.4,0.3,6.4,2.2,6.2,25.2
1999-2003,충청남도,414.6,7.1,8.9,100.5,48,43.6,12.5,12.3,4.1,64.6,16.4,13,2.4,3.7,7.8,0.2,4.8,9.1,4.1,10.1,0.4,6.8,2.1,6.3,25.8
1999-2003,전라북도,413.9,7.6,9.6,93.4,45.2,50.5,14.9,12.1,4.2,60.8,16.7,11.7,2.5,3.5,8.5,0.2,5,9,3.4,11.5,0.3,7.4,1.9,6.5,27.6
1999-2003,전라남도,437.9,9.2,12.6,92.6,37.5,62.6,14.4,12,5.4,68.9,12.9,10.9,2.1,3.4,7.5,0.2,4.7,9.9,4.4,20.6,0.3,7.5,2.1,6.2,30
1999-2003,경상북도,434.7,8.3,9.2,101.4,43.1,55,16.3,12,5,70.8,16.4,12,2.2,4,7,0.2,5.2,8.5,4.1,9.8,0.3,6.5,2.1,5.6,29.6
1999-2003,경상남도,422,7.3,9.8,92.1,37.9,64.5,18.5,11.9,5,62.5,15.7,11.8,1.8,3.6,5.9,0.2,5.3,9.9,3.9,12.4,0.3,6,1.4,5.3,28.9
1999-2003,제주특별자치도,370.5,7.6,7.1,67.3,35.6,52.4,17.8,8.7,5.9,48.6,14,14.1,2.2,3.5,8.9,,5.7,8.6,5.2,15.7,0.4,7.9,2.4,5.5,25.3
2004-2008,전국,481.8,7.1,7.1,83.8,64.5,47.3,15.2,13.5,3.7,62.1,27.1,10.6,3.6,4.7,17.2,0.3,7.9,10.8,4.2,41.6,0.4,8,2.6,6.2,32.1
2004-2008,서울특별시,487.3,7.3,5.5,75.9,71.1,43.1,13.2,13.4,3.4,55.7,32.7,10.3,4.2,5.3,23.5,0.3,9.1,12,4.2,47.2,0.5,8.6,3,6.4,31.8
2004-2008,부산광역시,470.4,7,7.1,83.4,59.1,56.1,18.4,13.6,4.1,59.3,28,11.2,3.5,5.3,15.7,0.2,8.3,11.8,4.3,28.8,0.5,7.3,2.3,5.2,30
2004-2008,대구광역시,499.8,7,7.6,85,65.5,48,18.2,12.6,4.2,65.1,28,11.1,2.9,5.1,14.7,0.3,8.9,9.8,3.8,53.3,0.4,8.3,2.4,5.4,32.3
2004-2008,인천광역시,450.2,6.5,5.3,76.3,67,40.5,14.1,14.3,3.7,59.3,28.3,12.2,3.8,4.8,14.2,0.3,7.8,11,4.7,27.1,0.4,8,2.5,6,32.1
2004-2008,광주광역시,502.2,7,6.7,77.4,64.1,47.5,16.9,13.8,3.2,57.9,24,11.3,3.5,4.7,18.6,0.2,7.5,10.8,3.9,71.4,0.3,8,3.2,6.3,34.1
2004-2008,대전광역시,514.9,6.3,6.6,94.2,72,41.8,14,12.9,4.1,58.7,30,12,3.7,5,20.2,0.3,8.2,10.6,4.1,60.2,0.2,8.2,2.9,6,32.7
2004-2008,울산광역시,488.5,6.2,7,90.3,63.6,48.8,17.6,14.2,4.2,66.4,24,9.2,3.1,4.6,13.5,0.3,8.5,10.9,4.7,42.9,0.4,7.7,2.4,6.4,31.6
2004-2008,세종특별자치시,,,,,,,,,,,,,,,,,,,,,,,,,
2004-2008,경기도,472.7,6.9,5.7,77.8,67.8,42.5,13.4,13.1,3.3,59.6,29.9,10.9,3.9,4.7,19.7,0.3,8.1,11.3,4.3,40.6,0.5,8.1,2.8,6.6,31.1
2004-2008,강원도,449.2,6.8,7.3,77.6,61.8,50.4,13.1,13.1,4.2,65.7,23.5,11.5,3.6,4.2,16.6,0.4,7.7,9.8,4,20.3,0.5,6.9,2.4,6.9,30.8
2004-2008,충청북도,475,6.6,8.1,98.1,70.8,43.1,12.8,14.7,3.7,64.1,22.8,10,3.6,4.2,14.7,0.4,7.1,9.9,4.3,29.7,0.4,7.4,3.1,5.8,29.7
2004-2008,충청남도,479.6,6.9,7.8,97.3,66.7,43.8,12,14,3.3,64.9,24,10.5,3.3,3.9,15.2,0.4,6.9,10.2,4.2,34.1,0.4,8.5,2.6,6.4,32.4
2004-2008,전라북도,476.2,7.6,8.4,88.5,61.4,43.8,16.2,13.9,3.7,62.3,23,10.2,3.2,4.4,16.7,0.3,6.9,10.2,4.2,38.4,0.6,8.3,2.7,6.5,34.9
2004-2008,전라남도,521.8,8.6,10.4,88.1,54.6,59.6,16.1,14.5,4.7,71.3,18.3,9.8,2.8,4.1,13.8,0.2,7.5,10.3,4.2,69.9,0.5,8.5,2.8,6.4,34.9
2004-2008,경상북도,492,7.5,9.4,96.7,61.4,51.3,17.7,12.9,4.2,72.3,21.9,9.6,3.2,4.7,12.6,0.2,7.2,9.5,3.8,35.7,0.4,7.4,2.3,5.9,34
2004-2008,경상남도,485.1,7.1,8.9,90.8,54,60.8,20.5,13.7,3.9,68.4,21.3,10.7,2.8,4.5,12.2,0.3,6.9,10.1,4.4,35.5,0.3,7.3,2.1,5.9,32.7
2004-2008,제주특별자치도,441.7,8.9,7.5,71.7,51.1,55.5,20,12.1,4.5,46.6,20.2,12.7,2.8,4.8,14.8,0.2,8,9.9,4.6,38.3,0.6,7.7,2.6,5.8,30.9
2009-2013,전국,548.9,7.3,6.4,81.4,74.1,42.2,15.5,14.3,3.2,61.8,34.9,8.8,4.5,4.9,25.1,0.4,9.9,10.1,4.1,84.6,0.5,9,3.2,6.6,36.2
2009-2013,서울특별시,557.6,7.4,5.7,75.4,77.8,38.3,13.9,14.3,2.7,56.8,41,8.5,5.3,5.4,30.4,0.5,10.6,11.3,4,92,0.6,9.5,3.4,6.9,36.1
2009-2013,부산광역시,564.5,7.3,7.2,85.2,73.6,52.7,18.4,14.6,3.7,58.3,36,10.2,4.3,5.4,24.3,0.5,10.7,12.1,4.6,83,0.6,8.5,2.9,6.1,34.5
2009-2013,대구광역시,578.6,7.4,5.7,82.6,75.7,41.5,18.8,13.6,3.3,65.4,34.2,9.3,4.3,5.2,25,0.4,10.6,9.4,3.9,108.5,0.5,8.1,3,6.4,36
2009-2013,인천광역시,535.6,7.1,6.2,78.2,77.7,40,13.2,14.2,2.9,61.5,37.1,9.6,4.7,5.2,21.1,0.4,10.2,11.7,4.4,74.8,0.5,9,3.2,6.5,36.1
2009-2013,광주광역시,564.2,6.8,5.5,79.3,76.8,43.5,16.8,14.9,3.1,57.9,33.8,9.8,4.2,4.1,26,0.4,8.9,9.8,3.8,103.3,0.4,9.1,3.3,5.8,36.9
2009-2013,대전광역시,566.4,6.4,5.2,89.9,79.9,36.1,13.7,15.1,3.5,59.3,37.4,9.9,4.4,4.8,24.3,0.4,10.4,7.3,4.6,98,0.5,9.2,3.4,6.5,36.1
2009-2013,울산광역시,568.9,7.2,6.2,84.2,75.1,43.3,19.3,16,3.5,66.4,32.9,7.9,4.5,5.2,20.1,0.6,11.6,10.2,4.3,92.9,0.6,9,2.8,6.8,38.3
2009-2013,세종특별자치시,,,,,,,,,,,,,,,,,,,,,,,,,
2009-2013,경기도,534.2,7.1,5.3,77,74.1,38.4,13.1,13.8,3,59.6,37.3,8.6,4.8,5.2,26.3,0.4,10,10.2,3.8,81.6,0.6,9.3,3.4,6.8,34.7
2009-2013,강원도,498.9,7.4,6.9,76,71.7,42.8,14.2,14.5,3.6,64.1,29.9,9.2,4.4,4.7,26.6,0.5,9.5,9.9,4,48,0.6,8.8,2.9,6.3,32.4
2009-2013,충청북도,541.1,7.3,7.3,95,81,37.7,14.7,14.1,3.1,67.7,31.8,8.9,4.4,4.9,22.8,0.5,9.1,9.4,4,62.9,0.3,8.3,3.1,6.5,36.2
2009-2013,충청남도,543,6.6,6.5,92.2,75,37.9,14.2,14.2,3.3,64.7,30.3,8.9,4.3,4.2,24.4,0.4,8.7,8.8,4.9,76.2,0.6,9,3.4,6.5,37.9
2009-2013,전라북도,547.2,7.6,7,82.6,70.6,40.3,17.4,14.5,2.9,62,30.2,8.5,3.9,4,25.4,0.3,8.8,9.2,4,88,0.6,9.1,3.2,6.8,40.3
2009-2013,전라남도,575.5,8.5,9.3,84.1,66.5,53.3,15.2,15.1,3.4,65.9,25.3,8.1,3.7,3.8,22.1,0.3,8.7,8.3,4.2,111.8,0.5,9,3.3,7,38
2009-2013,경상북도,544.6,7.3,7.3,89,71.9,45.7,17.5,14,3.7,68.3,28.8,8.4,3.8,4.5,22,0.3,9.4,9.7,3.9,73.2,0.6,8.5,2.7,6.7,37.3
2009-2013,경상남도,547.5,7.7,7.3,87.8,66.7,52.9,20.8,14.8,3.7,67.1,29.2,8.3,3.9,4.5,19.3,0.3,9.9,10,4.2,74.8,0.4,8.5,2.7,6.5,36.2
2009-2013,제주특별자치도,495.6,9.3,7.3,59.9,67.1,47.9,16.5,13.6,4,59.9,27.3,9.3,3.7,4.5,22.4,0.3,10.4,9.1,4.1,64.9,,7.4,3,7.7,35.9
2014-2018,전국,502.6,7.7,5.7,66.6,62.5,35.1,15.4,15.5,2.7,60.2,43.2,7.3,5.7,5.5,27.8,0.5,10.9,9.9,4,55,0.6,10.1,3.5,7,40
2014-2018,서울특별시,504.2,8.3,5.6,60.8,64.4,31.8,13.7,15.6,2.4,58,50.1,6.8,6.7,6.1,31.4,0.6,11.1,11.3,4.1,53.7,0.7,10.8,3.6,7.1,39.5
2014-2018,부산광역시,525.9,7.9,6.5,69.2,64,41.7,18.2,15.5,2.8,58,42.8,8.4,5.4,5.9,26,0.6,11.2,10.9,4.5,67.6,0.6,10,3,7,38.2
2014-2018,대구광역시,513.9,7.3,5.3,64.1,62.7,33.5,17.5,14.3,2.6,62.8,44.3,8.5,5.4,5.7,26.7,0.7,11.5,8.7,4.1,67.7,0.5,9.8,3.2,6.8,40.1
2014-2018,인천광역시,535.6,7.1,6.2,78.2,77.7,40,13.2,14.2,2.9,61.5,37.1,9.6,4.7,5.2,21.1,0.4,10.2,11.7,4.4,74.8,0.5,9,3.2,6.5,36.1
2014-2018,광주광역시,489.2,8.2,4.2,66.4,57.8,37.3,14,16.1,2.7,55.5,39.8,7.9,5.6,5.3,28,0.5,9.9,7.8,3.7,57.7,0.6,10.1,3.4,6.9,39.7
2014-2018,대전광역시,504.1,6.9,5,75.5,61.6,30.9,15,15.4,2.8,59.9,44.6,7,5.4,5.1,27.2,0.4,11.4,8.3,4.5,55.2,0.6,10.6,3.8,7.2,39.8
2014-2018,울산광역시,568.9,7.2,6.2,84.2,75.1,43.3,19.3,16,3.5,66.4,32.9,7.9,4.5,5.2,20.1,0.6,11.6,10.2,4.3,92.9,0.6,9,2.8,6.8,38.3
2014-2018,세종특별자치시,501.1,5.7,4.8,74.8,65.4,29.5,13.6,13,2,66.8,41.5,5.6,5.8,4,32.1,1,10.6,10.4,5,52.8,0.5,9.7,1.6,6.8,38
2014-2018,경기도,493.7,7.6,5.2,63.8,62.7,32.1,13.2,15.4,2.5,59,46,7,6,5.6,29,0.5,11,10.4,3.9,52.2,0.6,10.4,3.7,6.9,38.9
2014-2018,강원도,481.5,7.5,6,65.5,63.9,38.4,14.4,16.2,3,61.6,39.6,7.3,5.1,5,25.8,0.5,11.1,8.9,3.7,37.5,0.7,10.2,3.5,7,39
2014-2018,충청북도,503.4,6.5,6.4,73.6,67.2,31.7,15.1,16.3,2.7,65.4,39.9,7.4,5.9,5.7,27.6,0.5,10.7,10.9,4.3,45.7,0.4,9.6,3.6,7.3,39
2014-2018,충청남도,508.2,8.2,5.4,76.7,63.8,32.7,14.3,15.6,2.8,63.9,38.8,6.8,5.1,5.1,28.7,0.5,10,9.1,4.4,52.7,0.3,10.4,3.7,7.2,42
2014-2018,전라북도,503.8,7.9,5.9,69,62.3,33.7,18.6,15.9,2.6,59.7,38.4,7.5,5,4.9,26.6,0.4,10.4,9.4,3.9,52.7,0.6,10.6,4,7.3,46.2
2014-2018,전라남도,502.5,7.8,6.8,67.3,55.1,44.6,14.7,15.5,2.6,61.7,32.8,7.1,4.6,4.1,27.1,0.4,9.3,7.7,4.1,66.4,0.5,10,3.3,7.5,41.5
2014-2018,경상북도,501.1,7.2,6.2,71.7,60.6,37.9,17.2,15.2,3,64.7,36.2,8.1,4.9,5.4,26,0.5,10.8,8.9,3.8,51.4,0.5,9.1,3.7,6.9,41.2
2014-2018,경상남도,508.9,7.6,6.5,72.1,59.3,42.8,21.3,15.5,3.1,60.7,37.4,8.1,4.6,5.7,23.7,0.6,10.5,9.5,3.8,56.3,0.5,9.4,3.3,7,39.8
2014-2018,제주특별자치도,480.5,9.3,7,57.6,65.6,41.8,17.6,14.8,3,55.2,35,7.9,4.7,5.3,31.9,0.5,10.7,8.8,4.4,41.9,0.3,8.1,3.8,6.5,38.6